"Central","Site1_Local","Site2_Local","Site3_Local","GLORE","fedavg","Qfedavg","fedavgM","fedprox_mu0","Site_index"
0.896515837104072,0.904977375565611,0.895972850678733,0.895113122171946,0.896515837104072,0.896787330316742,0.898552036199095,0.896787330316742,0.896696832579186,1
0.87864,0.868217142857143,0.880822857142857,0.878011428571429,0.87864,0.879291428571429,0.879348571428571,0.879291428571429,0.878651428571429,2
0.891420099343573,0.882507657384734,0.889850928798189,0.892877585152631,0.891420099343573,0.891945017604307,0.89197014666998,0.891945017604307,0.8913949702779,3
