"Central","Site1_Local","Site2_Local","Site3_Local","GLORE","fedavg","Qfedavg","fedavgM","fedprox_mu0","Site_index"
0.903848769209846,0.916496668026656,0.887392900856793,0.892288861689106,0.903848769209846,0.902579446031098,0.904619429711229,0.902579446031098,0.903667437327168,1
0.880627376645592,0.864942960505785,0.887504478785007,0.879772073186237,0.880627376645592,0.881586703498654,0.882037471538044,0.881586703498654,0.880349980929044,2
0.895158738231671,0.879937612314787,0.892629889578318,0.897998395099402,0.895158738231671,0.89597531617672,0.895167214819336,0.895978141705941,0.895065495767357,3
