"Central","Site1_Local","Site2_Local","Site3_Local","GLORE","fedavg","Qfedavg","fedavgM","fedprox_mu0","Site_index"
0.905761024182077,0.920074679943101,0.901582503556188,0.896070412517781,0.905761024182077,0.906338904694168,0.910028449502134,0.906338904694168,0.906205547652916,1
0.901502051334215,0.890346861967246,0.904124142451881,0.900756111619706,0.901502051334215,0.902779190542389,0.90358164084133,0.902779190542389,0.901524655567988,2
0.893451501167763,0.873466958513387,0.891474202028636,0.8960296058941,0.893451501167763,0.894038203337433,0.892749150974264,0.894038203337433,0.8931835362345,3
