"Central","Site1_Local","Site2_Local","Site3_Local","GLORE","fedavg","Qfedavg","fedavgM","fedprox_mu0","Site_index"
0.878157571344044,0.885348868963634,0.877884484092668,0.873788175322015,0.878157571344044,0.878021027718356,0.878931318556279,0.878021027718356,0.878294114969733,1
0.910387990709276,0.905673977963135,0.912550486847676,0.906040114875456,0.910387990709276,0.910410874266296,0.910273572924175,0.910410874266296,0.910456641380336,2
0.889087595495268,0.881078360850565,0.884780179632036,0.890611539325427,0.889087595495268,0.889502699598259,0.889002300131639,0.889502699598259,0.888874357086197,3
