"Central","Site1_Local","Site2_Local","Site3_Local","GLORE","fedavg","Qfedavg","fedavgM","fedprox_mu0","Site_index"
0.891154285714286,0.90752,0.884297142857143,0.894582857142857,0.891154285714286,0.893531428571429,0.89856,0.893531428571429,0.890148571428571,1
0.885844851650083,0.863378506145604,0.888591238575481,0.884775561658638,0.885844851650083,0.886430147224348,0.885698527756517,0.886430147224348,0.885901130070686,2
0.894515261372939,0.880062522996882,0.892093636174346,0.895359550016971,0.894515261372939,0.894906030103454,0.894637911412444,0.894906030103454,0.894518113699439,3
