"Central","Site1_Local","Site2_Local","Site3_Local","GLORE","fedavg","Qfedavg","fedavgM","fedprox_mu0","Site_index"
0.891835372636262,0.898420467185762,0.892903225806452,0.884493882091212,0.891835372636262,0.892191323692992,0.893526140155729,0.892191323692992,0.891790878754171,1
0.895983186477252,0.897005934184499,0.900613648624348,0.896421506923215,0.895983186477252,0.897320625786729,0.89835461247977,0.897320625786729,0.896309117065276,2
0.884853898320513,0.874863456374312,0.883949296800328,0.887709935824496,0.884853898320513,0.885804014382595,0.885474033953848,0.885809703700332,0.884836830367302,3
