"Central","Site1_Local","Site2_Local","Site3_Local","GLORE","fedavg","Qfedavg","fedavgM","fedprox_mu0","Site_index"
0.877635386523357,0.88420375729181,0.870056497175141,0.877910982499655,0.877635386523357,0.878691837765835,0.879197097055716,0.878691837765835,0.877819117174223,1
0.866079562708776,0.856890598463632,0.869701161835993,0.860624669613434,0.866079562708776,0.86597833788845,0.865382236168753,0.86597833788845,0.865967090686192,2
0.881405651340996,0.878241310892173,0.875430464331326,0.884815156905674,0.881405651340996,0.88242337164751,0.882181057288816,0.882429073161832,0.881485472541507,3
