"Central","Site1_Local","Site2_Local","Site3_Local","GLORE","fedavg","Qfedavg","fedavgM","fedprox_mu0","Site_index"
0.905036679191269,0.907765253175881,0.89573268921095,0.902844873859367,0.905036679191269,0.904455179817499,0.904589371980676,0.904455179817499,0.90494721774915,1
0.89696089664326,0.892060214858595,0.902417442797019,0.894964322582841,0.89696089664326,0.897471384329163,0.897040305838845,0.897471384329163,0.897210468400812,2
0.901444692460317,0.898947623556999,0.896332183441558,0.903152619949495,0.901444692460317,0.901918177308802,0.901653251262626,0.901906903860029,0.901692708333333,3
